,Total Students,Total School Budget,Per Student Budget,Average Math Score,Average Reading Score,N passing math,n passing reading,n passing read & math,% Passing Math,% Passing Reading,% Overall Passing
count,15.0,15.0,15.0,15.0,15.0,15.0,15.0,15.0,15.0,15.0,15.0
mean,2611.3333333333335,5528821970.533334,1643295.2,80.43252976460249,82.5291880152832,1958.0,2240.6666666666665,1701.8666666666666,80.98705388539263,89.21902326545892,73.27756047612858
std,1420.9152818149428,5416930453.295721,934776.2942755875,3.3745479836551855,1.5193289182927425,817.8588771035886,1075.2476569653727,620.5039273119258,13.998823719897324,8.180663758845615,18.99214791686736
min,427.0,105933149.0,248087.0,76.62941378128214,80.74468617154288,395.0,411.0,381.0,65.68392183750429,79.29901423877328,52.988247061765435
25%,1698.0,1783095075.0,1046265.0,77.06044812200008,81.00017831864741,1589.0,1639.5,1487.0,66.52332797829683,81.04271559169058,53.53334026668951
50%,2283.0,3012587442.0,1319574.0,83.06189451022605,83.72572402044293,1871.0,2172.0,1583.0,92.50585480093677,95.85462805224304,89.22716627634661
75%,3474.0,7880113466.0,2228999.0,83.38890173952456,83.90196483180428,2398.5,2794.5,2093.5,93.62974576310523,96.57537596729449,90.56155366930662
max,4976.0,15549641728.0,3124928.0,83.83991683991684,84.04469854469855,3318.0,4077.0,2719.0,94.5945945945946,97.30886850152906,91.33476856835307
